name,coord
Hurzuf,"44.549999,34.283333"
Gorkhā,"28,84.633331"
State of Haryāna,"29,76"
Fgjduhw,"55.683334,37.666668"
